,domain
1,dailymail.co.uk
2,arubanetworks.com
3,grammarly.com
4,bitrix24.ru
5,tds.net
6,slideshare.net
7,booking.com
8,washingtonpost.com
9,t-online.de
10,ea.com
11,wsj.com
12,alibaba.com
13,branch.io
14,nature.com
15,inmobi.com
16,mi.com
17,gumgum.com
18,reg.ru
19,google.com.br
20,smartadserver.com
21,outbrain.com
22,bloomberg.com
23,dailymotion.com
24,threads.net
25,qualtrics.com
26,nike.com
27,yelp.com
28,rackspace.com
29,cookielaw.org
30,digitalocean.com
31,free.fr
32,life360.com
33,newrelic.com
34,ups.com
35,stackadapt.com
36,google.co.in
37,fandom.com
38,dotomi.com
39,google.es
40,techcrunch.com
41,w3schools.com
42,google.it
43,pendo.io
44,theverge.com
45,service.gov.uk
46,jotform.com
47,cambridge.org
48,redhat.com
49,investopedia.com
50,unesco.org
51,mediafire.com
52,webmd.com
53,lemonde.fr
54,nbcnews.com
55,people.com
56,sagepub.com
57,viber.com
58,zemanta.com
59,hbr.org
60,fiverr.com
61,lieferando.de
62,heylink.me
63,discordapp.com
64,disneyplus.com
65,cdnvideo.ru
66,stripchat.com
67,atlassian.net
68,vivo.com.cn
69,nikkei.com
70,onlyfans.com
71,typeform.com
72,healthline.com
73,quickconnect.to
74,sportradar.com
75,themeforest.net
76,theatlantic.com
77,bandcamp.com
78,liftoff.io
79,twilio.com
80,kargo.com
81,datadoghq.com
82,upwork.com
83,xbox.com
84,shopee.com.br
85,singular.net
86,nationalgeographic.com
87,allegro.pl
88,capcut.com
89,chess.com
90,otto.de
91,sonobi.com
92,kick.com
93,nest.com
94,lenovo.com
95,netgear.com
96,supercell.com
97,zoho.com
98,genius.com
99,skyhigh.cloud
100,aniview.com
